{
  "Networkx": {
    "cubical": { "modularity": 0.16666666666666663 },
    "davis_southern_women": { "modularity": 0.306211336952405 },
    "house": { "modularity": 0.11111111111111113 },
    "bull": { "modularity": 0.08000000000000004 },
    "petersen": { "modularity": 0.16666666666666663 },
    "sedgewick_maze": { "modularity": 0.11999999999999994 },
    "florentine_families": { "modularity": 0.08875000000000005 },
    "frucht": { "modularity": 0.3194444444444445 },
    "chvatal": { "modularity": 0.16666666666666663 },
    "desargues": { "modularity": 0.30000000000000004 },
    "house_x": { "modularity": -0.03125 },
    "dodecahedral": { "modularity": 0.30000000000000004 },
    "heawood": { "modularity": 0.20408163265306115 },
    "krackhardt_kite": { "modularity": 0.09722222222222227 },
    "diamond": { "modularity": -0.08000000000000004 },
    "hoffman_singleton": { "modularity": -0.0007999999999999559 },
    "pappus": { "modularity": 0.22222222222222227 },
    "karate_club": { "modularity": 0.3599605522682445 },
    "icosahedral": { "modularity": 0.16666666666666663 },
    "octahedral": { "modularity": 0.0 },
    "moebius_kantor": { "modularity": 0.25 },
    "tutte": { "modularity": 0.396030245746692 },
    "les_miserables": { "modularity": 0.07386600237953594 }
  },
  "Real world": { "default": { "modularity": -0.0078125 } },
  "Random Partition": {
    "100-2": { "modularity": 0.14049444418735002 },
    "200-11": { "modularity": 0.16563476120416482 },
    "200-10": { "modularity": 0.15700331179543237 },
    "100-3": { "modularity": 0.13648846848761834 },
    "150-7": { "modularity": 0.14418978460506932 },
    "100-4": { "modularity": 0.1527451501693245 },
    "150-6": { "modularity": 0.1445854591836735 },
    "150-9": { "modularity": 0.1624318476522915 },
    "150-8": { "modularity": 0.1508699543383234 },
    "200-13": { "modularity": 0.15187945068705633 },
    "200-12": { "modularity": 0.15062615230227072 },
    "100-1": { "modularity": 0.1529717642890318 }
  },
  "SuiteSparse Matrix": {
    "mesh2e1": { "modularity": 0.4569099863790922 },
    "lshp_406": { "modularity": 0.14797323888232983 },
    "bcsstm07": { "modularity": 0.43038884102354225 },
    "steam2": { "modularity": 0.4038574646529016 },
    "dermatology_5NN": { "modularity": 0.4085821414012554 },
    "cage4": { "modularity": 0.03334033467517644 },
    "micromass_10NN": { "modularity": 0.13872969525641582 },
    "G44": { "modularity": -2.454907359714609e-7 },
    "tumorAntiAngiogenesis_6": { "modularity": 0.005414777359277071 },
    "Ecoli_10NN": { "modularity": 0.40339523770544905 },
    "USAir97": { "modularity": 0.0016493912508089522 },
    "spaceShuttleEntry_1": { "modularity": -0.07923393578570602 },
    "umistfacesnorm_10NN": { "modularity": 0.38761098951199663 },
    "ex21": { "modularity": 0.12792442032679813 },
    "dwt_209": { "modularity": 0.4029890071036515 },
    "can_61": { "modularity": 0.4154201352757544 },
    "dwt_878": { "modularity": 0.06978169762932379 },
    "iris_dataset_30NN": { "modularity": 0.4633346882040764 },
    "G8": { "modularity": 0.0 },
    "can_445": { "modularity": 0.4180686318450517 },
    "G9": { "modularity": -0.0098876953125 },
    "bcspwr01": { "modularity": 0.3960302457466919 },
    "lowThrust_1": { "modularity": 0.4049298951396657 },
    "dwt_66": { "modularity": 0.47588195176390347 },
    "ex1": { "modularity": 0.46552989996068433 },
    "bcsstk06": { "modularity": 0.4951707761266868 },
    "G15": { "modularity": 0.0046452412876438415 },
    "M10PI_n": { "modularity": 0.43367887987815595 },
    "lshp_265": { "modularity": 0.35256966123251254 },
    "cdde6": { "modularity": 0.44487594705927885 },
    "plat362": { "modularity": 0.43846695170493233 },
    "mesh2em5": { "modularity": 0.4826408433027508 },
    "Vehicle_10NN": { "modularity": 0.4781312991817155 },
    "G21": { "modularity": 0.028848295834261524 },
    "can_144": { "modularity": 0.4618055555555556 },
    "Trefethen_20b": { "modularity": 0.0859375 },
    "tumorAntiAngiogenesis_2": { "modularity": 0.005409502426284952 },
    "G7": { "modularity": -2.2222222222295014e-5 },
    "hangGlider_1": { "modularity": -0.015943000171942362 },
    "bcsstk19": { "modularity": 0.49995629897194827 },
    "ash292": { "modularity": 0.4711489010246642 },
    "cage6": { "modularity": 0.09894103855860759 },
    "mycielskian8": { "modularity": -4.398879632308781e-6 },
    "lshp_577": { "modularity": 0.15321754883427846 },
    "G11": { "modularity": -0.698961937716263 },
    "tumorAntiAngiogenesis_4": { "modularity": 0.005410315762763437 },
    "cdde1": { "modularity": 0.48306906745498523 },
    "dwt_918": { "modularity": 0.47190366626869956 },
    "mycielskian5": { "modularity": -0.0015869867089863471 },
    "breasttissue_10NN": { "modularity": 0.35439348201103255 }
  }
}
