{
  "center_around": {
    "delta": {
      "mean": 2.717846467003459e-5,
      "sd": 4.721775784852583e-10,
      "sum": 0.0020927417795926634
    },
    "dist": {
      "mean": 1275.7535500504105,
      "sd": 1870026.4730166253,
      "sum": 324041.4017128043
    }
  },
  "center_log": {
    "delta": {
      "mean": 1.7882230739242067e-5,
      "sd": 1.8380209158928636e-10,
      "sum": 0.0013769317669216391
    },
    "dist": {
      "mean": 1275.7535500504098,
      "sd": 1870026.4730166236,
      "sum": 324041.4017128041
    }
  },
  "bfs_around": {
    "delta": {
      "mean": 1.723924590220697e-5,
      "sd": 5.833642902159464e-10,
      "sum": 0.0013274219344699368
    },
    "dist": {
      "mean": 8577.406506862815,
      "sd": 540600996.7979184,
      "sum": 2178661.252743155
    }
  },
  "bfs": {
    "delta": {
      "mean": 1.1960182875087585e-5,
      "sd": 3.1779029292849585e-10,
      "sum": 0.0009209340813817441
    },
    "dist": {
      "mean": 104248.39942516272,
      "sd": 51686789058.32186,
      "sum": 26479093.45399133
    }
  },
  "kamada_kawai": {
    "delta": {
      "mean": 1.9376338513408e-6,
      "sd": 1.2122470048712873e-11,
      "sum": 0.0001491978065532416
    },
    "dist": {
      "mean": 1299.5420364723468,
      "sd": 2004710.7277978244,
      "sum": 330083.6772639761
    }
  }
}
