{"center_around": {"delta": {"mean": 9.430796980502352e-05, "sd": 1.4121681865461363e-08, "sum": 0.007261713674986811}, "dist": {"mean": 7628.0875739983085, "sd": 673433754.9188476, "sum": 1937534.2437955705}}, "center_log": {"delta": {"mean": 5.838593507893907e-05, "sd": 4.9170635979899196e-09, "sum": 0.004495717001078308}, "dist": {"mean": 9968.059928635748, "sd": 1406498389.9928384, "sum": 2531887.22187348}}, "bfs_around": {"delta": {"mean": 8.426737849035924e-06, "sd": 1.51694748585751e-10, "sum": 0.0006488588143757661}, "dist": {"mean": 7633.798732764941, "sd": 674352345.8564206, "sum": 1938984.878122295}}, "bfs": {"delta": {"mean": 5.480308312816282e-06, "sd": 5.197943762869585e-11, "sum": 0.0004219837400868537}, "dist": {"mean": 9170.938133494456, "sd": 1160750651.30303, "sum": 2329418.2859075917}}, "kamada_kawai": {"delta": {"mean": 5.404390325871598e-05, "sd": 7.49809171760376e-09, "sum": 0.004161380550921131}, "dist": {"mean": 1261.8564627857131, "sd": 1997730.8751250089, "sum": 320511.54154757113}}}