{
  "center_around": {
    "delta": {
      "mean": 4.274646568123642e-5,
      "sd": 2.813281799402423e-8,
      "sum": 0.003291477857455204
    },
    "dist": {
      "mean": 6842.621951096002,
      "sd": 220946883.57839617,
      "sum": 1738025.9755783845
    }
  },
  "center_log": {
    "delta": {
      "mean": 2.3517398225780234e-5,
      "sd": 7.225362575890637e-9,
      "sum": 0.001810839663385078
    },
    "dist": {
      "mean": 12147.373798064284,
      "sd": 1234956680.761341,
      "sum": 3085432.944708328
    }
  },
  "bfs_around": {
    "delta": {
      "mean": 3.3341182186519486e-8,
      "sd": 4.824097754602854e-15,
      "sum": 2.5672710283620006e-6
    },
    "dist": {
      "mean": 10615.382820858687,
      "sd": 233222338.67219177,
      "sum": 2696307.2364981067
    }
  },
  "bfs": {
    "delta": {
      "mean": 2.1693836145903446e-8,
      "sd": 2.3845334496055757e-15,
      "sum": 1.6704253832345654e-6
    },
    "dist": {
      "mean": 82408.44337729216,
      "sd": 23927577169.937634,
      "sum": 20931744.61783221
    }
  },
  "kamada_kawai": {
    "delta": {
      "mean": 0.00018798788324268022,
      "sd": 3.665679308240137e-8,
      "sum": 0.014475067009686376
    },
    "dist": {
      "mean": 1411.449470069771,
      "sd": 3159636.879071641,
      "sum": 358508.1653977218
    }
  }
}
