{"center_around": {"delta": {"mean": 9.430796980502352e-05, "sd": 1.4121681865461363e-08, "sum": 0.007261713674986811}, "dist": {"mean": 7628.0875739983085, "sd": 673433754.9188476, "sum": 1937534.2437955705}}, "center_log": {"delta": {"mean": 5.838593507893907e-05, "sd": 4.9170635979899196e-09, "sum": 0.004495717001078308}, "dist": {"mean": 9968.059928635748, "sd": 1406498389.9928384, "sum": 2531887.22187348}}, "bfs_around": {"delta": {"mean": 0.00010224889141877265, "sd": 1.1469868123627812e-08, "sum": 0.007873164639245494}, "dist": {"mean": 1372.1000477766718, "sd": 2022598.7473522124, "sum": 348513.4121352746}}, "bfs": {"delta": {"mean": 6.126115618105891e-05, "sd": 3.842913421125633e-09, "sum": 0.004717109025941536}, "dist": {"mean": 1372.1000477766718, "sd": 2022598.7473522124, "sum": 348513.4121352746}}, "kamada_kawai": {"delta": {"mean": 0.00020636627520990663, "sd": 2.0296960077818087e-07, "sum": 0.01589020319116281}, "dist": {"mean": 1325.2322430241513, "sd": 2120023.2964129937, "sum": 336608.9897281344}}}