{
  "center_around": {
    "delta": {
      "mean": 9.430796980502352e-5,
      "sd": 1.4121681865461363e-8,
      "sum": 0.007261713674986811
    },
    "dist": {
      "mean": 7628.0875739983085,
      "sd": 673433754.9188476,
      "sum": 1937534.2437955705
    }
  },
  "center_log": {
    "delta": {
      "mean": 5.838593507893907e-5,
      "sd": 4.9170635979899196e-9,
      "sum": 0.004495717001078308
    },
    "dist": {
      "mean": 9968.059928635748,
      "sd": 1406498389.9928384,
      "sum": 2531887.22187348
    }
  },
  "bfs_around": {
    "delta": {
      "mean": 9.430796980502352e-5,
      "sd": 1.4121681865461363e-8,
      "sum": 0.007261713674986811
    },
    "dist": {
      "mean": 7628.0875739983085,
      "sd": 673433754.9188476,
      "sum": 1937534.2437955705
    }
  },
  "bfs": {
    "delta": {
      "mean": 5.838593507893907e-5,
      "sd": 4.9170635979899196e-9,
      "sum": 0.004495717001078308
    },
    "dist": {
      "mean": 9173.24656380792,
      "sd": 1162493397.884265,
      "sum": 2330004.6272072117
    }
  },
  "kamada_kawai": {
    "delta": {
      "mean": 2.773030360297786e-5,
      "sd": 1.4051438939433471e-9,
      "sum": 0.002135233377429295
    },
    "dist": {
      "mean": 1385.5993732160232,
      "sd": 2066628.6994620997,
      "sum": 351942.2407968699
    }
  }
}
