{"delta": {"mean": 0.007340600909322569, "sd": 8.592640431253607e-06, "sum": 0.05872480727458055}, "dist": {"mean": 1077.4547307856628, "sd": 2562533.14895785, "sum": 17239.275692570605}, "edge_length_variance": 0.036116147754525686, "minimum_angle": 0.6187754385169486, "edge_crossings": 5}