{"delta": {"mean": 0.006501270341415149, "sd": 2.9500004121082685e-06, "sum": 0.05201016273132119}, "dist": {"mean": 955.447947952226, "sd": 1112103.3933445702, "sum": 11465.37537542671}, "edge_length_variance": 0.017950653896198664, "minimum_angle": 0.6022563662676724, "edge_crossings": 1}