{"delta": {"mean": 0.008943979315451885, "sd": 1.0372302801161034e-05, "sum": 0.09838377246997074}, "dist": {"mean": 1768.0820559898784, "sd": 3181535.2160208845, "sum": 31825.47700781781}, "edge_length_variance": 0.03204576571831679, "minimum_angle": 0.6918098153661747, "edge_crossings": 9}