{"delta": {"mean": 0.008655526539331871, "sd": 2.534830418338528e-06, "sum": 0.06924421231465497}, "dist": {"mean": 1352.7569360892317, "sd": 1992865.7463245383, "sum": 24349.62484960617}, "edge_length_variance": 0.06499452690431902, "minimum_angle": 0.6840379038786406, "edge_crossings": 9}