{"delta": {"mean": 0.007412486038591626, "sd": 6.1538042266861765e-06, "sum": 0.059299888308733006}, "dist": {"mean": 1164.7629380385308, "sd": 854178.2953851914, "sum": 18636.207008616493}, "edge_length_variance": 0.03997858962704059, "minimum_angle": 0.669255275681487, "edge_crossings": 7}