{
  "delta": {
    "mean": 0.008189170245295968,
    "sd": 1.0519858214952993e-5,
    "sum": 0.06551336196236775
  },
  "dist": {
    "mean": 1279.5962853504318,
    "sd": 2779647.652508232,
    "sum": 20473.54056560691
  },
  "edge_length_variance": 0.04089663139878755,
  "minimum_angle": 1.0649804343271978,
  "edge_crossings": 8
}
