{
  "delta": {
    "mean": 0.007787069847178562,
    "sd": 5.532110690668043e-6,
    "sum": 0.0622965587774285
  },
  "dist": {
    "mean": 1121.5129102568053,
    "sd": 1640020.907089076,
    "sum": 20187.232384622497
  },
  "edge_length_variance": 0.053120581070716266,
  "minimum_angle": 1.0627307679291582,
  "edge_crossings": 9
}
