{
  "delta": {
    "mean": 0.008503955486217817,
    "sd": 1.574171090381527e-6,
    "sum": 0.06803164388974253
  },
  "dist": {
    "mean": 1489.2881674928647,
    "sd": 3929651.7409235244,
    "sum": 23828.610679885835
  },
  "edge_length_variance": 0.05612636937570051,
  "minimum_angle": 1.047007174947863,
  "edge_crossings": 10
}
