{
  "delta": {
    "mean": 0.008892756339716918,
    "sd": 6.266259156154059e-6,
    "sum": 0.0978203197368861
  },
  "dist": {
    "mean": 1496.0050860946287,
    "sd": 1980622.9274332996,
    "sum": 26928.091549703317
  },
  "edge_length_variance": 0.028631230611173848,
  "minimum_angle": 1.031157816805602,
  "edge_crossings": 2
}
