{"delta": {"mean": 0.009519078664601777, "sd": 1.3323454546352061e-05, "sum": 0.10470986531061954}, "dist": {"mean": 1252.0159275897192, "sd": 1954350.5902594842, "sum": 27544.350406973823}, "edge_length_variance": 0.03225703633615015, "minimum_angle": 0.5830101698306621, "edge_crossings": 4}