{"delta": {"mean": 0.01219143534810281, "sd": 2.6318473010169242e-05, "sum": 0.1341057888291309}, "dist": {"mean": 2049.239293188749, "sd": 6399072.445959863, "sum": 57378.70020928497}, "edge_length_variance": 0.09142482152144994, "minimum_angle": 0.7238336925998848, "edge_crossings": 29}