{
  "delta": {
    "mean": 0.009851621783239782,
    "sd": 1.2133369938178007e-5,
    "sum": 0.1083678396156376
  },
  "dist": {
    "mean": 1465.6251070461585,
    "sd": 2746101.8733255933,
    "sum": 32243.752355015487
  },
  "edge_length_variance": 0.04160938902452724,
  "minimum_angle": 1.0394230036240177,
  "edge_crossings": 6
}
