{"delta": {"mean": 0.012237217157691266, "sd": 3.376754268746124e-05, "sum": 0.13460938873460393}, "dist": {"mean": 1975.5138520476248, "sd": 5838405.862685294, "sum": 55314.387857333495}, "edge_length_variance": 0.07185111423745118, "minimum_angle": 0.6961859947157976, "edge_crossings": 28}