{
  "delta": {
    "mean": 0.012506395476669516,
    "sd": 1.2019543748643113e-5,
    "sum": 0.18759593215004275
  },
  "dist": {
    "mean": 2261.7965088899255,
    "sd": 4903998.101054009,
    "sum": 58806.70923113806
  },
  "edge_length_variance": 0.040136084545575504,
  "minimum_angle": 1.0432122995721211,
  "edge_crossings": 8
}
