{"delta": {"mean": 0.010898067711487675, "sd": 4.525943657967747e-05, "sum": 0.16347101567231512}, "dist": {"mean": 2173.1177240979164, "sd": 5523791.565225187, "sum": 65193.531722937485}, "edge_length_variance": 0.06643667312429204, "minimum_angle": 0.6501729208633087, "edge_crossings": 13}