{
  "delta": {
    "mean": 0.011826994290844018,
    "sd": 2.277999176418284e-5,
    "sum": 0.17740491436266026
  },
  "dist": {
    "mean": 2001.0344714227908,
    "sd": 3221726.7527347505,
    "sum": 60031.034142683726
  },
  "edge_length_variance": 0.03711524908700538,
  "minimum_angle": 1.0466130564214164,
  "edge_crossings": 10
}
