{
  "delta": {
    "mean": 0.02129587663382474,
    "sd": 6.750441525035616e-5,
    "sum": 0.3194381495073711
  },
  "dist": {
    "mean": 3487.0255221141397,
    "sd": 20771220.449206416,
    "sum": 125532.91879610904
  },
  "edge_length_variance": 0.07305901284606152,
  "minimum_angle": 1.0486326524061134,
  "edge_crossings": 45
}
